tier,rq,model_a,model_b,metric,mean_a,mean_b,diff,ci_low,ci_high,p_boot,seed_diff_min,seed_diff_max,seeds_a_better,p_holm
primary,RQ1,m4_core,m1,det_macro_f1,0.784385401570922,0.7986441257592306,-0.014258724188308735,-0.02263455049812283,-0.006271500317374421,0.0,-0.020847162160130495,-0.0038721910494211587,0,0.0
primary,RQ1,m4_core,m1,type_macro_f1,0.46103988276825714,0.5428418891564762,-0.08180200638821897,-0.10158191905284901,-0.06435678225631938,0.0,-0.09252866588407843,-0.06990304140858217,0,0.0
primary,RQ1,m4_core,m2,det_macro_f1,0.784385401570922,0.7927539752428767,-0.008368573671954937,-0.0160739486793161,-0.001337951719000834,0.024,-0.016203456996494725,-6.787165553201469e-05,0,0.07200000000000001
primary,RQ1,m4_core,m2,type_macro_f1,0.46103988276825714,0.49679651155289883,-0.0357566287846417,-0.05519679792541709,-0.018761759333057595,0.001,-0.05791588163890776,-0.015536187100788579,0,0.004
primary,RQ2,m4_core,m3_symmetric,type_macro_f1,0.46103988276825714,0.4534291050596121,0.007610777708645111,-0.008553034939534177,0.02200126698613439,0.366,-0.020184031954875004,0.03910972385268746,3,0.732
primary,RQ2,m4_core,m3_symmetric,type_macro_recall,0.4743631465067331,0.46835866998715525,0.006004476519577829,-0.014409407270632075,0.022956835264194654,0.561,-0.035978905565011154,0.053384656002789965,2,0.732
secondary,RQ1,m4_core,m1,type_macro_precision,0.46501857086968024,0.5089648946842249,-0.04394632381454454,-0.06360279572654075,-0.02607387573494449,0.0,-0.07099730740224575,-0.009775127899848801,0,
secondary,RQ1,m4_core,m1,type_macro_recall,0.4743631465067331,0.5995529249525381,-0.12518977844580506,-0.15094539647361824,-0.10081174862459127,0.0,-0.1584755715685624,-0.11003363468240457,0,
secondary,RQ1,m4_core,m2,type_macro_precision,0.46501857086968024,0.44413055256431005,0.020888018305370248,0.0014931671044431118,0.03857769552739179,0.037,-0.0035489447984201616,0.053652577733244666,4,
secondary,RQ1,m4_core,m2,type_macro_recall,0.4743631465067331,0.5953772499871061,-0.12101410348037303,-0.1479707621373597,-0.09779208752973831,0.0,-0.14866467854871068,-0.09405262311227036,0,
secondary,RQ1,m4_core,m1,det_precision,0.6743465208356727,0.7333431859834727,-0.05899666514779993,-0.06948323890110707,-0.04841999951973662,0.0,-0.07057306550636988,-0.045569943554772285,0,
secondary,RQ1,m4_core,m1,det_recall,0.8306382978723403,0.7613617021276596,0.06927659574468086,0.0566934563188851,0.0821005325183885,0.0,0.028085106382978786,0.1097872340425532,5,
secondary,RQ1,m4_core,m2,det_precision,0.6743465208356727,0.7219782500203922,-0.047631729184719494,-0.05733894992249346,-0.038157109353457425,0.0,-0.06232588796446925,-0.034904548449666395,0,
secondary,RQ1,m4_core,m2,det_recall,0.8306382978723403,0.7610212765957447,0.06961702127659575,0.0585606118835333,0.08071738654183166,0.0,0.042553191489361764,0.09191489361702121,5,
secondary,RQ1,m4_core,m1,type_all_macro_f1,0.3959976100154307,0.29880133992098135,0.09719627009444935,0.0779112943315875,0.11409294424719257,0.0,0.08290391986021772,0.11654929449897261,5,
secondary,RQ1,m4_core,m2,type_all_macro_f1,0.3959976100154307,0.2553128518725559,0.14068475814287482,0.12108063303283811,0.158118390356423,0.0,0.11053049859416414,0.1858449916017359,5,
secondary,RQ1,m2,m1,det_macro_f1,0.7927539752428767,0.7986441257592306,-0.0058901505163537985,-0.011163004473005467,-0.000419502452885957,0.039,-0.014552621982167446,0.002807996727574369,1,
secondary,RQ1,m2,m1,type_macro_f1,0.49679651155289883,0.5428418891564762,-0.04604537760357728,-0.0596672950648196,-0.03260840866952005,0.0,-0.059311101485997275,-0.03461278424517067,0,
secondary,RQ2,m4_core,m3_symmetric,type_macro_precision,0.46501857086968024,0.46939678157831555,-0.004378210708635255,-0.02174286799806288,0.011740319259230006,0.553,-0.05520114592452707,0.04115381103755905,2,
secondary,RQ2,m4_core,m3_symmetric,det_macro_f1,0.784385401570922,0.7926057015608621,-0.008220299989940205,-0.0158719720613392,-0.0011574019585062335,0.026,-0.016203456996494725,-6.787165553201469e-05,0,
secondary,RQ2,m4_core,m3_symmetric,multilabel_recall,0.6098790322580645,0.5848790322580645,0.024999999999999956,0.008960848111536027,0.040519869112930866,0.001,-0.00504032258064524,0.05544354838709675,4,
secondary,RQ2,m4_core,m3_symmetric,type_all_macro_f1,0.3959976100154307,0.3824047485137551,0.013592861501675569,-0.001355907279004717,0.026496868852658742,0.073,-0.007603675462547699,0.030536826369144343,4,
secondary,RQ2,m3_symmetric,m2,type_macro_f1,0.4534291050596121,0.49679651155289883,-0.04336740649328681,-0.05571119340803743,-0.03220587389338412,0.0,-0.05464591095347604,-0.034205361348403684,0,
secondary,RQ2,m3_symmetric,m2,type_macro_recall,0.46835866998715525,0.5953772499871061,-0.12701857999995086,-0.14487250658642245,-0.11026799440085838,0.0,-0.15301911859694628,-0.10369413560462609,0,
secondary,RQ2,m3_symmetric,m2,type_macro_precision,0.46939678157831555,0.44413055256431005,0.025266229014005503,0.01276116843172586,0.03811809078904553,0.0,0.011175486863213346,0.05165220112610691,5,
secondary,RQ2,m3_symmetric,m2,det_macro_f1,0.7926057015608621,0.7927539752428767,-0.00014827368201473235,-0.00037432870890470317,0.0,0.242,-0.0007413684100736617,0.0,0,
secondary,RQ2,m3_symmetric,m2,type_all_macro_f1,0.3824047485137551,0.2553128518725559,0.12709189664119921,0.11345327894158634,0.14150118621496782,0.0,0.10083594965281367,0.1649067695514766,5,
secondary,RQ2,m3_symmetric,m2,multilabel_recall,0.5848790322580645,0.7455645161290322,-0.16068548387096773,-0.1843276635675302,-0.13736518448438972,0.0,-0.18245967741935476,-0.1391129032258065,0,
