model_a,model_b,label,stat,diff,ci_low,ci_high,p_boot
m4_core,m3_symmetric,political,recall,0.06660869565217394,0.05518318178344925,0.07762684039159376,0.0
m4_core,m3_symmetric,political,precision,-0.0011323937635546067,-0.003642672410733108,0.000901318830355354,0.308
m4_core,m3_symmetric,political,f1,0.04046589374149086,0.03306416348013625,0.0477664482511998,0.0
m4_core,m3_symmetric,racial_ethnic,recall,-0.011387900355871883,-0.04138404327248143,0.018872416891284785,0.43
m4_core,m3_symmetric,racial_ethnic,precision,-0.04163324283563876,-0.0681701560320508,-0.015624415518307525,0.0
m4_core,m3_symmetric,racial_ethnic,f1,-0.02592294534236563,-0.05105255983429721,-0.0027127095882360456,0.028
m4_core,m3_symmetric,religious,recall,-0.01607142857142856,-0.05859442640692645,0.025751183814033445,0.503
m4_core,m3_symmetric,religious,precision,0.0013363147795627639,-0.034875511044592515,0.03885607380710381,0.956
m4_core,m3_symmetric,religious,f1,-0.005898354126884187,-0.04079938943846857,0.03016519468960012,0.74
m4_core,m3_symmetric,gender_sexual_identity,recall,0.06388888888888888,0.009227272727272733,0.11641791044776115,0.024
m4_core,m3_symmetric,gender_sexual_identity,precision,0.006309273546173411,-0.06132117333076943,0.06743665100806667,0.926
m4_core,m3_symmetric,gender_sexual_identity,f1,0.0387241297603617,-0.014044000592309334,0.08918611917538198,0.165
m4_core,m3_symmetric,other,recall,-0.07301587301587302,-0.1127316715542521,-0.03389026351602129,0.0
m4_core,m3_symmetric,other,precision,0.01322899473028103,-0.012532330672602749,0.03970981026106959,0.32
m4_core,m3_symmetric,other,f1,-0.009314835489377032,-0.03944009912932143,0.019164292444266318,0.541
m4_core,m2,political,recall,-0.17130434782608692,-0.18853703703703703,-0.1531970995836987,0.0
m4_core,m2,political,precision,-0.0014536205707350812,-0.004060331557790886,0.0014634119778724017,0.314
m4_core,m2,political,f1,-0.09325720308545833,-0.10372380496615331,-0.08263647158236609,0.0
m4_core,m2,racial_ethnic,recall,-0.15658362989323843,-0.19924576859045504,-0.11585780364845906,0.0
m4_core,m2,racial_ethnic,precision,-0.004234649716701988,-0.03597611459907679,0.02440692483428394,0.78
m4_core,m2,racial_ethnic,f1,-0.0620763902391205,-0.09552396143694417,-0.031770491732921756,0.0
m4_core,m2,religious,recall,-0.09821428571428568,-0.15385321100917432,-0.045158384190642165,0.001
m4_core,m2,religious,precision,0.016461189500726413,-0.024488956059174068,0.05737338380765729,0.435
m4_core,m2,religious,f1,-0.02697761286545628,-0.07021408887306982,0.014873499296447015,0.228
m4_core,m2,gender_sexual_identity,recall,-0.058333333333333334,-0.14031217153668277,0.012197936210131325,0.122
m4_core,m2,gender_sexual_identity,precision,0.07179554670020594,-0.001479436666120064,0.142103865188762,0.056
m4_core,m2,gender_sexual_identity,f1,0.013712634533663951,-0.053855567114106766,0.0728205520786842,0.75
m4_core,m2,other,recall,-0.12063492063492062,-0.16535840347542768,-0.07703418803418803,0.0
m4_core,m2,other,precision,0.021871625613356073,-0.005641423894892049,0.05066743890191242,0.128
m4_core,m2,other,f1,-0.010184572266837427,-0.043163674940974284,0.021222577724342433,0.549
m4_core,m1,political,recall,-0.1706086956521739,-0.18820555606915051,-0.15297160802390913,0.0
m4_core,m1,political,precision,-0.0014354372970861284,-0.0039101338354116276,0.0012062905701370641,0.279
m4_core,m1,political,f1,-0.0928939974751615,-0.10358445774054824,-0.0823080046148515,0.0
m4_core,m1,racial_ethnic,recall,-0.1380782918149466,-0.18133571428571418,-0.09543110380116966,0.0
m4_core,m1,racial_ethnic,precision,-0.07518507995797939,-0.10929717110036614,-0.04314387752663573,0.0
m4_core,m1,racial_ethnic,f1,-0.10171725602691525,-0.13686043211697338,-0.07056597525817918,0.0
m4_core,m1,religious,recall,-0.11249999999999996,-0.17255153343388638,-0.05485921158487538,0.0
m4_core,m1,religious,precision,-0.08302102244663326,-0.13083199439714646,-0.039356052193499254,0.0
m4_core,m1,religious,f1,-0.09753325726905307,-0.14330466202267017,-0.053045472727873536,0.0
m4_core,m1,gender_sexual_identity,recall,-0.07777777777777778,-0.14399999999999996,-0.02104579630895425,0.008
m4_core,m1,gender_sexual_identity,precision,-0.023894693723515232,-0.09434064963426386,0.0361084132386502,0.402
m4_core,m1,gender_sexual_identity,f1,-0.05173323633368647,-0.11359432723735043,-0.0006612254396153681,0.047
m4_core,m1,other,recall,-0.12698412698412695,-0.1840031746031746,-0.07120486782720825,0.0
m4_core,m1,other,precision,-0.03619538564750876,-0.06994552914222417,-0.0036162963509923226,0.031
m4_core,m1,other,f1,-0.0651322848362785,-0.10429622708884584,-0.02624284577378511,0.002
