model_a,model_b,metric,mean_a,sd_a,mean_b,sd_b,diff,ci_low,ci_high,p_boot,seeds_a_better
m4_core,m3_symmetric,micro_recall,0.6936243538196438,0.012309756198967686,0.6551407237219988,0.0245194749684716,0.038483630097645063,0.02740081940143522,0.04857266009852219,0.0,5
m4_core,m3_symmetric,coverage,0.842734060884549,0.0171229590859987,0.7676048248133257,0.019100270670181496,0.07512923607122342,0.06350487378375644,0.08722460718294048,0.0,5
m4_core,m3_symmetric,conditional_recall,0.823158413385422,0.011252790125831616,0.8533203264536985,0.014167276630304985,-0.030161913068276335,-0.0413015105475599,-0.020472076348852737,0.0,0
m4_core,m3_symmetric,neutral_fpr,0.23038593063019053,0.010728544040103455,0.16844162188568637,0.012102085559242826,0.06194430874450415,0.053483807654563315,0.07057994567910146,0.0,5
m4_core,m3_symmetric,neutral_type_labels,642.8,34.57889529756554,617.0,62.67774724732854,25.8,-3.004999999999998,53.39999999999998,0.08,4
m4_core,m3_symmetric,single_label_recall,0.804539385847797,0.009973217301459576,0.7481975967957277,0.02691172854463294,0.056341789052069435,0.0428756895567816,0.07041942668710761,0.0,5
m4_core,m3_symmetric,multilabel_recall,0.6098790322580645,0.018270734839104706,0.5848790322580645,0.033353075525089294,0.024999999999999956,0.008960848111536027,0.040519869112930866,0.001,4
m3_symmetric,m2,micro_recall,0.6551407237219988,0.0245194749684716,0.8495117748420448,0.009507722778430124,-0.194371051120046,-0.2106883820626285,-0.17809298071159324,0.0,0
m3_symmetric,m2,coverage,0.7676048248133257,0.019100270670181496,0.7679494543365882,0.018784153274862537,-0.0003446295232624852,-0.0009243613197252698,0.0,0.242,0
m3_symmetric,m2,conditional_recall,0.8533203264536985,0.014167276630304985,0.8529274443078932,0.013946975590296071,0.0003928821458052623,0.0,0.001056578373368122,0.242,1
m3_symmetric,m2,neutral_fpr,0.16844162188568637,0.012102085559242826,1.0,0.0,-0.8315583781143137,-0.8456775062005808,-0.8169404078608843,0.0,0
m3_symmetric,m2,neutral_type_labels,617.0,62.67774724732854,4455.6,735.8228727078277,-3838.6,-3970.42,-3715.4,0.0,0
m3_symmetric,m2,single_label_recall,0.7481975967957277,0.02691172854463294,0.9871829105473966,0.004387630634220296,-0.23898531375166887,-0.2652466196546391,-0.21457213966766733,0.0,0
m3_symmetric,m2,multilabel_recall,0.5848790322580645,0.033353075525089294,0.7455645161290322,0.01663459181648724,-0.16068548387096773,-0.1843276635675302,-0.13736518448438972,0.0,0
