model,label,median_on_label_positive,median_on_polarized_without_label,median_on_neutral
m2,political,0.5770015418529506,0.47487843036651606,0.5477364063262941
m2,racial_ethnic,0.726356744766235,0.23867769539356204,0.40418541431427
m2,religious,0.7723577320575711,0.128863140940666,0.302382886409759
m2,gender_sexual_identity,0.35380952060222604,0.18235582113265902,0.5049030780792231
m2,other,0.3921581059694285,0.269310802221298,0.26917251944541903
m4_core,political,0.754178315401077,0.6069791913032531,0.011816521175205002
m4_core,racial_ethnic,0.613637804985046,0.127421930432319,0.005342665128409
m4_core,religious,0.418969020247459,0.014283329248428001,0.0043151387944810006
m4_core,gender_sexual_identity,0.050664125010371,0.020176267251372,0.004276664927601001
m4_core,other,0.158672787249088,0.062211260199546,0.0034793068189170003
