model,label,coverage,conditional_recall,recall
m2,political,0.760695652173913,0.9915559290390717,0.9921739130434781
m2,racial_ethnic,0.787900355871886,0.7209121539332128,0.7138790035587188
m2,religious,0.7964285714285715,0.6303449398896058,0.5839285714285714
m2,gender_sexual_identity,0.7333333333333333,0.19683002600295835,0.2694444444444445
m2,other,0.7841269841269841,0.47163566459738754,0.4174603174603175
m3_symmetric,political,0.7603478260869566,0.9920231876406256,0.7542608695652173
m3_symmetric,racial_ethnic,0.787900355871886,0.7209121539332128,0.5686832740213523
m3_symmetric,religious,0.7964285714285715,0.6303449398896058,0.5017857142857143
m3_symmetric,gender_sexual_identity,0.7333333333333333,0.19683002600295835,0.14722222222222223
m3_symmetric,other,0.7825396825396825,0.47250146546318844,0.3698412698412698
m4_core,political,0.8297391304347826,0.9894167501414272,0.8208695652173914
m4_core,racial_ethnic,0.8704626334519574,0.6404698704678574,0.5572953736654804
m4_core,religious,0.8839285714285714,0.5503486242982041,0.48571428571428577
m4_core,gender_sexual_identity,0.8305555555555555,0.2537454986193819,0.21111111111111117
m4_core,other,0.8698412698412697,0.34053010584764876,0.29682539682539677
