model,seed,det_macro_f1,det_precision,det_recall,type_macro_precision,type_macro_recall,type_macro_f1,political_precision,political_recall,political_f1,racial_ethnic_precision,racial_ethnic_recall,racial_ethnic_f1,religious_precision,religious_recall,religious_f1,gender_sexual_identity_precision,gender_sexual_identity_recall,gender_sexual_identity_f1,other_precision,other_recall,other_f1,type_all_macro_precision,type_all_macro_recall,type_all_macro_f1,lvr_a,lvr_b,lvr_total,multilabel_recall,singlelabel_recall
m1,13,0.7999889847376849,0.732520325203252,0.7668085106382979,0.5273077405882534,0.6057682854048319,0.5595801980670785,0.9793991416309012,0.9921739130434782,0.9857451403887689,0.555256064690027,0.7330960854092526,0.6319018404907976,0.5396825396825397,0.6071428571428571,0.5714285714285714,0.3181818181818182,0.2916666666666667,0.30434782608695654,0.24401913875598086,0.40476190476190477,0.3044776119402985,0.20337652255915417,0.6057682854048319,0.3023659671077116,0.6176288019863438,0.00031036623215394165,0.6179391682184978,0.7550403225806451,0.9853137516688919
m1,21,0.7928119139969435,0.7359932088285229,0.737872340425532,0.5146726934320889,0.614334630092173,0.5459326342699801,0.9793991416309012,0.9921739130434782,0.9857451403887689,0.5546666666666666,0.7402135231316725,0.6341463414634146,0.5072463768115942,0.625,0.56,0.3333333333333333,0.2222222222222222,0.26666666666666666,0.1987179487179487,0.49206349206349204,0.2831050228310502,0.20696756963057136,0.614334630092173,0.3036796796301521,0.622284295468653,0.0,0.622284295468653,0.7651209677419355,0.9853137516688919
m1,42,0.8046370313560072,0.7311657414750198,0.7846808510638298,0.48458545405591663,0.6206087951194713,0.5361354150011367,0.9787234042553191,1.0,0.989247311827957,0.5669781931464174,0.6476868327402135,0.6046511627906976,0.4409937888198758,0.6339285714285714,0.5201465201465202,0.22608695652173913,0.3611111111111111,0.27807486631016043,0.21014492753623187,0.4603174603174603,0.2885572139303483,0.1891432340661665,0.6206087951194713,0.2874123254981441,0.6086281812538796,0.0,0.6086281812538796,0.751008064516129,0.9906542056074766
m1,87,0.7904230597390287,0.735445205479452,0.731063829787234,0.48233484198341153,0.5950096925355319,0.525423362564012,0.978204010462075,0.9756521739130435,0.976926425772747,0.5310734463276836,0.6690391459074733,0.5921259842519685,0.5078125,0.5803571428571429,0.5416666666666666,0.1456953642384106,0.3055555555555556,0.19730941704035873,0.24888888888888888,0.4444444444444444,0.3190883190883191,0.190210894456203,0.5950096925355319,0.28432526218076903,0.6374922408441962,0.0,0.6374922408441962,0.717741935483871,0.9893190921228304
m1,100,0.8053596389664888,0.7315914489311164,0.7863829787234042,0.5359237433614537,0.5620432216106825,0.5471378358801735,0.9795046968403074,0.9973913043478261,0.988367083153813,0.6185897435897436,0.6868327402135231,0.6509274873524452,0.5446428571428571,0.5446428571428571,0.5446428571428571,0.30158730158730157,0.2638888888888889,0.2814814814814815,0.23529411764705882,0.31746031746031744,0.2702702702702703,0.22344345846024294,0.5620432216106825,0.3162234651881298,0.6080074487895717,0.0,0.6080074487895717,0.7268145161290323,0.986648865153538
m2,13,0.7953452795740491,0.7268292682926829,0.7608510638297873,0.44315209958081647,0.5953691133165836,0.5002690965810812,0.9792387543252595,0.9843478260869565,0.981786643538595,0.4975124378109453,0.7117437722419929,0.5856515373352855,0.38011695906432746,0.5803571428571429,0.45936395759717313,0.1597222222222222,0.3194444444444444,0.21296296296296297,0.1991701244813278,0.38095238095238093,0.2615803814713896,0.1370747617702822,0.5953691133165836,0.21522361864475642,0.6182495344506518,0.0,0.6182495344506518,0.7399193548387096,0.9799732977303071
m2,21,0.7890075946030544,0.7192839707078926,0.7523404255319149,0.4681235957197232,0.6045237370723213,0.5113198500248094,0.9787052810902896,0.9991304347826087,0.9888123924268503,0.5412087912087912,0.701067615658363,0.6108527131782946,0.5304347826086957,0.5446428571428571,0.5374449339207048,0.13157894736842105,0.2777777777777778,0.17857142857142858,0.15869017632241814,0.5,0.24091778202676864,0.18971775319644704,0.6045237370723213,0.2753850513660414,0.6185599006828058,0.0,0.6185599006828058,0.7540322580645161,0.9906542056074766
m2,42,0.7953789285863562,0.7074829931972789,0.796595744680851,0.4415407277576121,0.6200885983461413,0.49938061267379713,0.9802405498281787,0.9921739130434782,0.986171132238548,0.44539614561027835,0.7402135231316725,0.5561497326203209,0.36813186813186816,0.5982142857142857,0.4557823129251701,0.26666666666666666,0.2777777777777778,0.272108843537415,0.14726840855106887,0.49206349206349204,0.226691042047532,0.158370369077817,0.6200885983461413,0.24342102547756506,0.5893854748603352,0.0,0.5893854748603352,0.7651209677419355,0.986648865153538
m2,87,0.7932310564666031,0.7271980279375514,0.7531914893617021,0.41890713635031807,0.5689489609965396,0.4709532515961719,0.9785591766723842,0.9921739130434782,0.9853195164075993,0.49473684210526314,0.6690391459074733,0.5688350983358548,0.3941176470588235,0.5982142857142857,0.475177304964539,0.07327586206896551,0.2361111111111111,0.1118421052631579,0.15384615384615385,0.3492063492063492,0.21359223300970873,0.16776587428393752,0.5689489609965396,0.2539376774202331,0.622284295468653,0.0,0.622284295468653,0.7207661290322581,0.9906542056074766
m2,100,0.7908070169843213,0.7290969899665551,0.7421276595744681,0.4489292034130803,0.5879558402039449,0.5020597468886348,0.9785775492716366,0.9930434782608696,0.9857574449719465,0.49295774647887325,0.7473309608540926,0.594059405940594,0.3701657458563536,0.5982142857142857,0.45733788395904434,0.21518987341772153,0.2361111111111111,0.2251655629139073,0.18775510204081633,0.36507936507936506,0.24797843665768193,0.19304965356037945,0.5879558402039449,0.2885968864541834,0.6288019863438857,0.0006207324643078833,0.6294227188081937,0.7479838709677419,0.9879839786381842
m3_one_way,13,0.7953452795740491,0.7268292682926829,0.7608510638297873,0.47791675810109,0.4423499947196373,0.4498258127020599,0.9807256235827665,0.7521739130434782,0.8513779527559056,0.5448028673835126,0.5409252669039146,0.5428571428571428,0.43548387096774194,0.48214285714285715,0.4576271186440678,0.22857142857142856,0.1111111111111111,0.14953271028037382,0.2,0.3253968253968254,0.24773413897280966,0.3467208151996136,0.4423499947196373,0.380130388196233,0.0,0.0,0.0,0.5574596774193549,0.7570093457943925
m3_one_way,21,0.7890075946030544,0.7192839707078926,0.7523404255319149,0.5197757968458301,0.47727140081882463,0.47358800034077664,0.9762174405436014,0.7495652173913043,0.8480078701426463,0.5749128919860628,0.5871886120996441,0.5809859154929577,0.5294117647058824,0.48214285714285715,0.5046728971962616,0.35714285714285715,0.1388888888888889,0.2,0.16119402985074627,0.42857142857142855,0.23427331887201736,0.36498172491645964,0.47727140081882463,0.3981236568055534,0.0,0.0,0.0,0.5997983870967742,0.7343124165554072
m3_one_way,42,0.7953789285863562,0.7074829931972789,0.796595744680851,0.4577807596223602,0.5144700554315286,0.46517525132539345,0.9816414686825053,0.7904347826086957,0.8757225433526011,0.4767123287671233,0.6192170818505338,0.5386996904024768,0.36024844720496896,0.5178571428571429,0.4249084249084249,0.30612244897959184,0.20833333333333334,0.24793388429752067,0.16417910447761194,0.4365079365079365,0.2386117136659436,0.3270946799950515,0.5144700554315286,0.3867234339479319,0.0,0.0,0.0,0.626008064516129,0.787716955941255
m3_one_way,87,0.7932310564666031,0.7271980279375514,0.7531914893617021,0.4314059030460037,0.423440194366467,0.41630734064269587,0.980593607305936,0.7469565217391304,0.8479763079960513,0.5668016194331984,0.498220640569395,0.5303030303030303,0.4230769230769231,0.49107142857142855,0.45454545454545453,0.039603960396039604,0.05555555555555555,0.046242774566473986,0.14695340501792115,0.3253968253968254,0.20246913580246914,0.3162097429285934,0.423440194366467,0.35477362707304677,0.0,0.0,0.0,0.5443548387096774,0.7463284379172229
m3_one_way,100,0.7908070169843213,0.7290969899665551,0.7421276595744681,0.46010469027629364,0.4842617045993188,0.4622491202871345,0.9745370370370371,0.7321739130434782,0.8361469712015889,0.49557522123893805,0.597864768683274,0.5419354838709678,0.37037037037037035,0.5357142857142857,0.43795620437956206,0.24242424242424243,0.2222222222222222,0.2318840579710145,0.21761658031088082,0.3333333333333333,0.26332288401253917,0.34093206268709114,0.4842617045993188,0.39227263654601047,0.0,0.0006207324643078833,0.0006207324643078833,0.5967741935483871,0.7156208277703605
m3_symmetric,13,0.7953452795740491,0.7268292682926829,0.7608510638297873,0.47791675810109,0.4423499947196373,0.4498258127020599,0.9807256235827665,0.7521739130434782,0.8513779527559056,0.5448028673835126,0.5409252669039146,0.5428571428571428,0.43548387096774194,0.48214285714285715,0.4576271186440678,0.22857142857142856,0.1111111111111111,0.14953271028037382,0.2,0.3253968253968254,0.24773413897280966,0.3467208151996136,0.4423499947196373,0.380130388196233,0.0,0.0,0.0,0.5574596774193549,0.7570093457943925
m3_symmetric,21,0.7890075946030544,0.7192839707078926,0.7523404255319149,0.5197757968458301,0.47727140081882463,0.47358800034077664,0.9762174405436014,0.7495652173913043,0.8480078701426463,0.5749128919860628,0.5871886120996441,0.5809859154929577,0.5294117647058824,0.48214285714285715,0.5046728971962616,0.35714285714285715,0.1388888888888889,0.2,0.16119402985074627,0.42857142857142855,0.23427331887201736,0.36498172491645964,0.47727140081882463,0.3981236568055534,0.0,0.0,0.0,0.5997983870967742,0.7343124165554072
m3_symmetric,42,0.7953789285863562,0.7074829931972789,0.796595744680851,0.4577807596223602,0.5144700554315286,0.46517525132539345,0.9816414686825053,0.7904347826086957,0.8757225433526011,0.4767123287671233,0.6192170818505338,0.5386996904024768,0.36024844720496896,0.5178571428571429,0.4249084249084249,0.30612244897959184,0.20833333333333334,0.24793388429752067,0.16417910447761194,0.4365079365079365,0.2386117136659436,0.3270946799950515,0.5144700554315286,0.3867234339479319,0.0,0.0,0.0,0.626008064516129,0.787716955941255
m3_symmetric,87,0.7932310564666031,0.7271980279375514,0.7531914893617021,0.4314059030460037,0.423440194366467,0.41630734064269587,0.980593607305936,0.7469565217391304,0.8479763079960513,0.5668016194331984,0.498220640569395,0.5303030303030303,0.4230769230769231,0.49107142857142855,0.45454545454545453,0.039603960396039604,0.05555555555555555,0.046242774566473986,0.14695340501792115,0.3253968253968254,0.20246913580246914,0.3162097429285934,0.423440194366467,0.35477362707304677,0.0,0.0,0.0,0.5443548387096774,0.7463284379172229
m3_symmetric,100,0.7900656485742477,0.7286432160804021,0.7404255319148936,0.46010469027629364,0.4842617045993188,0.4622491202871345,0.9745370370370371,0.7321739130434782,0.8361469712015889,0.49557522123893805,0.597864768683274,0.5419354838709678,0.37037037037037035,0.5357142857142857,0.43795620437956206,0.24242424242424243,0.2222222222222222,0.2318840579710145,0.21761658031088082,0.3333333333333333,0.26332288401253917,0.34093206268709114,0.4842617045993188,0.39227263654601047,0.0,0.0,0.0,0.5967741935483871,0.7156208277703605
m4_core,13,0.7791418225775544,0.6720505617977528,0.814468085106383,0.4563104331860076,0.4957346507224273,0.46851028033332687,0.9790794979079498,0.8139130434782609,0.8888888888888888,0.5050505050505051,0.5338078291814946,0.5190311418685121,0.39759036144578314,0.5892857142857143,0.4748201438848921,0.20430107526881722,0.2638888888888889,0.23030303030303031,0.19553072625698323,0.2777777777777778,0.22950819672131148,0.34027627217720735,0.4957346507224273,0.4010686102464923,0.0,0.0,0.0,0.6129032258064516,0.7983978638184246
m4_core,21,0.7889397229475223,0.676209952283572,0.8442553191489361,0.464574650921303,0.45585905852361064,0.45340396838590163,0.9788306451612904,0.8443478260869566,0.9066293183940243,0.49044585987261147,0.5480427046263345,0.5176470588235295,0.45544554455445546,0.4107142857142857,0.431924882629108,0.23076923076923078,0.16666666666666666,0.1935483870967742,0.16738197424892703,0.30952380952380953,0.21727019498607242,0.34843461654110375,0.45585905852361064,0.3905199813430057,0.0,0.0,0.0,0.6189516129032258,0.8117489986648865
m4_core,42,0.7853865543683354,0.6725784447476125,0.8391489361702128,0.4526741127260744,0.4970428863690507,0.46623237359255454,0.9787018255578094,0.8391304347826087,0.903558052434457,0.4735202492211838,0.5409252669039146,0.5049833887043189,0.41935483870967744,0.4642857142857143,0.4406779661016949,0.21649484536082475,0.2916666666666667,0.2485207100591716,0.1752988047808765,0.3492063492063492,0.23342175066312998,0.3453370247289066,0.4970428863690507,0.4039616199971167,0.0,0.0,0.0,0.6340725806451613,0.807743658210948
m4_core,87,0.7807523779466736,0.6648721399730821,0.8408510638297872,0.47255971408356273,0.4748963378842692,0.45541706449538333,0.976545842217484,0.7965217391304348,0.8773946360153256,0.48324022346368717,0.6156583629893239,0.5414710485133021,0.4142857142857143,0.5178571428571429,0.4603174603174603,0.3076923076923077,0.1111111111111111,0.16326530612244897,0.1810344827586207,0.3333333333333333,0.2346368715083799,0.34592617146637095,0.4748963378842692,0.3853104534421911,0.0,0.0,0.0,0.5917338709677419,0.8144192256341789
m4_core,100,0.7877065300145236,0.6860215053763441,0.814468085106383,0.4789739434314536,0.4482827990343076,0.46163572703411954,0.9748953974895398,0.8104347826086956,0.8850902184235517,0.49838187702265374,0.5480427046263345,0.5220338983050847,0.43859649122807015,0.44642857142857145,0.4424778761061947,0.24615384615384617,0.2222222222222222,0.23357664233576642,0.23684210526315788,0.21428571428571427,0.225,0.3606350424284186,0.4482827990343076,0.39912738504834755,0.0,0.0,0.0,0.5917338709677419,0.7903871829105474
