task_id	model	config	fold	seed
0	m1_det	configs/m1_det.yaml	0	13
1	m1_type	configs/m1_type.yaml	0	13
2	m2	configs/m2.yaml	0	13
3	m4_core	configs/m4_core.yaml	0	13
4	m1_det	configs/m1_det.yaml	0	21
5	m1_type	configs/m1_type.yaml	0	21
6	m2	configs/m2.yaml	0	21
7	m4_core	configs/m4_core.yaml	0	21
8	m1_det	configs/m1_det.yaml	0	42
9	m1_type	configs/m1_type.yaml	0	42
10	m2	configs/m2.yaml	0	42
11	m4_core	configs/m4_core.yaml	0	42
12	m1_det	configs/m1_det.yaml	0	87
13	m1_type	configs/m1_type.yaml	0	87
14	m2	configs/m2.yaml	0	87
15	m4_core	configs/m4_core.yaml	0	87
16	m1_det	configs/m1_det.yaml	0	100
17	m1_type	configs/m1_type.yaml	0	100
18	m2	configs/m2.yaml	0	100
19	m4_core	configs/m4_core.yaml	0	100
20	m1_det	configs/m1_det.yaml	1	13
21	m1_type	configs/m1_type.yaml	1	13
22	m2	configs/m2.yaml	1	13
23	m4_core	configs/m4_core.yaml	1	13
24	m1_det	configs/m1_det.yaml	1	21
25	m1_type	configs/m1_type.yaml	1	21
26	m2	configs/m2.yaml	1	21
27	m4_core	configs/m4_core.yaml	1	21
28	m1_det	configs/m1_det.yaml	1	42
29	m1_type	configs/m1_type.yaml	1	42
30	m2	configs/m2.yaml	1	42
31	m4_core	configs/m4_core.yaml	1	42
32	m1_det	configs/m1_det.yaml	1	87
33	m1_type	configs/m1_type.yaml	1	87
34	m2	configs/m2.yaml	1	87
35	m4_core	configs/m4_core.yaml	1	87
36	m1_det	configs/m1_det.yaml	1	100
37	m1_type	configs/m1_type.yaml	1	100
38	m2	configs/m2.yaml	1	100
39	m4_core	configs/m4_core.yaml	1	100
40	m1_det	configs/m1_det.yaml	2	13
41	m1_type	configs/m1_type.yaml	2	13
42	m2	configs/m2.yaml	2	13
43	m4_core	configs/m4_core.yaml	2	13
44	m1_det	configs/m1_det.yaml	2	21
45	m1_type	configs/m1_type.yaml	2	21
46	m2	configs/m2.yaml	2	21
47	m4_core	configs/m4_core.yaml	2	21
48	m1_det	configs/m1_det.yaml	2	42
49	m1_type	configs/m1_type.yaml	2	42
50	m2	configs/m2.yaml	2	42
51	m4_core	configs/m4_core.yaml	2	42
52	m1_det	configs/m1_det.yaml	2	87
53	m1_type	configs/m1_type.yaml	2	87
54	m2	configs/m2.yaml	2	87
55	m4_core	configs/m4_core.yaml	2	87
56	m1_det	configs/m1_det.yaml	2	100
57	m1_type	configs/m1_type.yaml	2	100
58	m2	configs/m2.yaml	2	100
59	m4_core	configs/m4_core.yaml	2	100
60	m1_det	configs/m1_det.yaml	3	13
61	m1_type	configs/m1_type.yaml	3	13
62	m2	configs/m2.yaml	3	13
63	m4_core	configs/m4_core.yaml	3	13
64	m1_det	configs/m1_det.yaml	3	21
65	m1_type	configs/m1_type.yaml	3	21
66	m2	configs/m2.yaml	3	21
67	m4_core	configs/m4_core.yaml	3	21
68	m1_det	configs/m1_det.yaml	3	42
69	m1_type	configs/m1_type.yaml	3	42
70	m2	configs/m2.yaml	3	42
71	m4_core	configs/m4_core.yaml	3	42
72	m1_det	configs/m1_det.yaml	3	87
73	m1_type	configs/m1_type.yaml	3	87
74	m2	configs/m2.yaml	3	87
75	m4_core	configs/m4_core.yaml	3	87
76	m1_det	configs/m1_det.yaml	3	100
77	m1_type	configs/m1_type.yaml	3	100
78	m2	configs/m2.yaml	3	100
79	m4_core	configs/m4_core.yaml	3	100
80	m1_det	configs/m1_det.yaml	4	13
81	m1_type	configs/m1_type.yaml	4	13
82	m2	configs/m2.yaml	4	13
83	m4_core	configs/m4_core.yaml	4	13
84	m1_det	configs/m1_det.yaml	4	21
85	m1_type	configs/m1_type.yaml	4	21
86	m2	configs/m2.yaml	4	21
87	m4_core	configs/m4_core.yaml	4	21
88	m1_det	configs/m1_det.yaml	4	42
89	m1_type	configs/m1_type.yaml	4	42
90	m2	configs/m2.yaml	4	42
91	m4_core	configs/m4_core.yaml	4	42
92	m1_det	configs/m1_det.yaml	4	87
93	m1_type	configs/m1_type.yaml	4	87
94	m2	configs/m2.yaml	4	87
95	m4_core	configs/m4_core.yaml	4	87
96	m1_det	configs/m1_det.yaml	4	100
97	m1_type	configs/m1_type.yaml	4	100
98	m2	configs/m2.yaml	4	100
99	m4_core	configs/m4_core.yaml	4	100
